-- phpMyAdmin SQL Dump
-- version 5.2.1
-- https://www.phpmyadmin.net/
--
-- Хост: 127.0.0.1
-- Время создания: Дек 21 2025 г., 23:26
-- Версия сервера: 10.4.32-MariaDB
-- Версия PHP: 8.2.12

SET SQL_MODE = "NO_AUTO_VALUE_ON_ZERO";
START TRANSACTION;
SET time_zone = "+00:00";


/*!40101 SET @OLD_CHARACTER_SET_CLIENT=@@CHARACTER_SET_CLIENT */;
/*!40101 SET @OLD_CHARACTER_SET_RESULTS=@@CHARACTER_SET_RESULTS */;
/*!40101 SET @OLD_COLLATION_CONNECTION=@@COLLATION_CONNECTION */;
/*!40101 SET NAMES utf8mb4 */;

--
-- База данных: `demo`
--

-- --------------------------------------------------------

INSERT INTO `customer` (`CustomerID`, `FirstName`, `LastName`, `City`, `Street`, `ZipCode`) VALUES
(1, 'Іван', 'Петренко', 'Київ', 'вул. Хрещатик, 10', '01001'),
(2, 'Марія', 'Шевченко', 'Львів', 'пр. Свободи, 25', '79000'),
(3, 'Дмитро', 'Коваленко', 'Одеса', 'вул. Дерибасівська, 5', '65000'),
(4, 'Ольга', 'Бойко', 'Харків', 'вул. Сумська, 12', '61000'),
(5, 'Андрій', 'Мельник', 'Дніпро', 'пр. Яворницького, 50', '49000'),
(6, 'Юлія', 'Ткаченко', 'Полтава', 'вул. Соборності, 3', '36000'),
(7, 'Сергій', 'Кравчук', 'Київ', 'пр. Перемоги, 45', '03057'),
(8, 'Наталія', 'Лисенко', 'Вінниця', 'вул. Пирогова, 15', '21000'),
(9, 'Віктор', 'Захарченко', 'Львів', 'вул. Городоцька, 100', '79015'),
(10, 'Олена', 'Гончар', 'Житомир', 'вул. Київська, 20', '10000'),
(11, 'Павло', 'Руденко', 'Одеса', 'Французький бульвар, 10', '65010'),
(12, 'Тетяна', 'Мороз', 'Київ', 'вул. Антоновича, 50', '03150');

-- --------------------------------------------------------

--
-- Дамп данных таблицы `employees`
--

INSERT INTO `employees` (`EmployeeID`, `FirstName`, `LastName`, `City`, `Street`, `ZipCode`) VALUES
(1, 'Олексій', 'Сидоренко', 'Київ', 'вул. В. Васильківська, 15', '01004'),
(2, 'Оксана', 'Мельник', 'Київ', 'бул. Лесі Українки, 7', '01133'),
(3, 'Ігор', 'Василенко', 'Львів', 'вул. Личаківська, 33', '79010'),
(4, 'Світлана', 'Даниленко', 'Одеса', 'вул. Грецька, 1', '65001'),
(5, 'Максим', 'Романенко', 'Київ', 'вул. Саксаганського, 10', '01033'),
(6, 'Анна', 'Козак', 'Дніпро', 'вул. Європейська, 5', '49001'),
(7, 'Євген', 'Павленко', 'Харків', 'вул. Науки, 20', '61002'),
(8, 'Вікторія', 'Швець', 'Київ', 'Оболонський пр., 15', '04205'),
(9, 'Роман', 'Дорошенко', 'Запоріжжя', 'пр. Соборний, 100', '69000'),
(10, 'Дар’я', 'Левченко', 'Київ', 'вул. Мечникова, 2', '0102333');

-- --------------------------------------------------------

--
-- Дамп данных таблицы `items`
--

INSERT INTO `items` (`ProductID`, `Name`, `Price`, `Quantity`, `Guarantee`) VALUES
(1, 'USB Флешка Kingston 64GB', 250.00, 100, 24),
(2, 'Миша бездротова Logitech', 450.50, 50, 12),
(3, 'SSD диск Samsung 1TB', 2800.00, 20, 36),
(4, 'Кабель USB Type-C 1m', 120.00, 200, 12),
(5, 'Клавіатура механічна', 1599.00, 15, 24),
(6, 'Серветки для монітора', 99.00, 300, 6),
(7, 'Wi-Fi Роутер TP-Link', 1200.00, 10, 12),
(8, 'Відеокарта RTX 4060', 14500.00, 5, 36),
(9, 'HDMI кабель 2.0', 180.00, 45, 12),
(10, 'PowerBank Xiaomi 10000', 650.00, 79, 24),
(11, 'Підставка для ноутбука', 500.00, 24, 12),
(12, 'Килимок для миші', 76.48, 64, 12);

-- --------------------------------------------------------

--
-- Дамп данных таблицы `orderitems`
--

INSERT INTO `orderitems` (`ID`, `OrderID`, `ProductID`, `Quantity`, `SoldPrice`) VALUES
(1, 1, 1, 1, 0.00),
(2, 1, 2, 2, 0.00),
(3, 2, 3, 1, 0.00),
(4, 3, 2, 5, 0.00),
(5, 3, 3, 1, 0.00),
(6, 4, 10, 1, 0.00),
(7, 4, 6, 3, 0.00),
(8, 5, 1, 2, 0.00),
(9, 5, 4, 2, 0.00),
(10, 6, 5, 1, 0.00),
(11, 6, 11, 1, 0.00),
(12, 7, 9, 1, 0.00),
(13, 8, 4, 10, 0.00),
(14, 8, 2, 10, 0.00),
(15, 8, 12, 10, 0.00),
(16, 9, 7, 1, 0.00),
(17, 10, 8, 1, 0.00),
(18, 10, 6, 10, 0.00),
(19, 11, 1, 1, 0.00),
(20, 12, 10, 2, 0.00),
(21, 13, 9, 1, 0.00),
(22, 13, 12, 1, 0.00),
(23, 14, 2, 1, 0.00),
(24, 15, 5, 2, 0.00),
(25, 15, 6, 5, 0.00);

-- --------------------------------------------------------

--
-- Дамп данных таблицы `orders`
--

INSERT INTO `orders` (`OrderID`, `CustomerID`, `EmployeeID`, `ShipCity`, `ShipStreet`, `ShipZip`, `ShipDate`) VALUES
(1, 1, 1, 'Київ', 'вул. Хрещатик, 10', '01001', '2025-05-15'),
(2, 2, 2, 'Львів', 'пр. Свободи, 25', '79000', '2025-05-16'),
(3, 1, 2, 'Київ', 'вул. Хрещатик, 10', '01001', '2025-05-20'),
(4, 3, 4, 'Одеса', 'вул. Дерибасівська, 5', '65000', '2025-05-21'),
(5, 4, 7, 'Харків', 'вул. Сумська, 12', '61000', '2025-05-22'),
(6, 5, 6, 'Дніпро', 'пр. Яворницького, 50', '49000', '2025-05-23'),
(7, 6, 1, 'Полтава', 'вул. Соборності, 3', '36000', '2025-05-24'),
(8, 7, 5, 'Київ', 'пр. Перемоги, 45', '03057', '2025-05-25'),
(9, 8, 8, 'Вінниця', 'вул. Пирогова, 15', '21000', '2025-05-25'),
(10, 9, 3, 'Львів', 'вул. Городоцька, 100', '79015', '2025-05-26'),
(11, 10, 1, 'Житомир', 'вул. Київська, 20', '10000', '2025-05-27'),
(12, 11, 4, 'Одеса', 'Французький бульвар, 10', '65010', '2025-05-28'),
(13, 12, 10, 'Київ', 'вул. Антоновича, 50', '03150', '2025-05-29'),
(14, 2, 3, 'Львів', 'пр. Свободи, 25', '79000', '2025-05-30'),
(15, 5, 6, 'Дніпро', 'пр. Яворницького, 50', '49000', '2025-06-01');


/*!40101 SET CHARACTER_SET_CLIENT=@OLD_CHARACTER_SET_CLIENT */;
/*!40101 SET CHARACTER_SET_RESULTS=@OLD_CHARACTER_SET_RESULTS */;
/*!40101 SET COLLATION_CONNECTION=@OLD_COLLATION_CONNECTION */;
